LAT;;;;;47.5584;47.5584;47.5584;47.5584;47.5584;47.5584;47.5584;47.5584;47.5584;47.5584;47.5584;47.5584;47.5584;47.5584;47.5584;47.5584;47.5584;47.5584;47.5584;47.5584;47.5584;47.5584;47.5584;47.5584;47.5584;47.5584;47.5584;47.5584;47.5584;47.5584;47.5584;47.5584;47.5584;47.5584;47.5584;47.5584;47.5584;47.5584;47.5584;47.5584;47.5584;47.5584;47.5584;47.5584;47.5584
LON;;;;;7.57327;7.57327;7.57327;7.57327;7.57327;7.57327;7.57327;7.57327;7.57327;7.57327;7.57327;7.57327;7.57327;7.57327;7.57327;7.57327;7.57327;7.57327;7.57327;7.57327;7.57327;7.57327;7.57327;7.57327;7.57327;7.57327;7.57327;7.57327;7.57327;7.57327;7.57327;7.57327;7.57327;7.57327;7.57327;7.57327;7.57327;7.57327;7.57327;7.57327;7.57327;7.57327;7.57327;7.57327;7.57327
ASL;;;;;279.000;279.000;279.000;279.000;279.000;279.000;279.000;279.000;279.000;279.000;279.000;279.000;279.000;279.000;279.000;279.000;279.000;279.000;279.000;279.000;279.000;279.000;279.000;279.000;279.000;279.000;279.000;279.000;279.000;279.000;279.000;279.000;279.000;279.000;279.000;279.000;279.000;279.000;279.000;279.000;279.000;279.000;279.000;279.000;279.000
CITY;;;;;Basel;Basel;Basel;Basel;Basel;Basel;Basel;Basel;Basel;Basel;Basel;Basel;Basel;Basel;Basel;Basel;Basel;Basel;Basel;Basel;Basel;Basel;Basel;Basel;Basel;Basel;Basel;Basel;Basel;Basel;Basel;Basel;Basel;Basel;Basel;Basel;Basel;Basel;Basel;Basel;Basel;Basel;Basel;Basel;Basel
DOMAIN;;;;;NEMS4;NEMS4;NEMS4;NEMS4;NEMS4;NEMS4;NEMS4;NEMS4;NEMS4;NEMS4;NEMS4;NEMS4;NEMS4;NEMS4;NEMS4;NEMS4;NEMS4;NEMS4;NEMS4;NEMS4;NEMS4;NEMS4;NEMS4;NEMS4;NEMS4;NEMS4;NEMS4;NEMS4;NEMS4;NEMS4;NEMS4;NEMS4;NEMS4;NEMS4;NEMS4;NEMS4;NEMS4;NEMS4;NEMS4;NEMS4;NEMS4;NEMS4;NEMS4;NEMS4;NEMS4
LEVEL;;;;;2 m above gnd;2 m above gnd;MSL;sfc;sfc;sfc;high cld lay;mid cld lay;low cld lay;sfc;sfc;10 m above gnd;80 m above gnd;900 mb;sfc;2 m above gnd;2 m above gnd;MSL;sfc;sfc;sfc;high cld lay;mid cld lay;low cld lay;sfc;sfc;10 m above gnd;80 m above gnd;900 mb;sfc;2 m above gnd;2 m above gnd;MSL;sfc;sfc;sfc;high cld lay;mid cld lay;low cld lay;sfc;sfc;10 m above gnd;80 m above gnd;900 mb;sfc
NAME;;;;;Temperature 2018;Relative Humidity 2018;Mean Sea Level Pressure 2018;Total Precipitation 2018;Snowfall amount raw 2018;Total Cloud Cover 2018;High Cloud Cover 2018;Medium Cloud Cover 2018;Low Cloud Cover 2018;Sunshine Duration 2018;Shortwave Radiation 2018;Wind Speed 2018;Wind Speed 2018;Wind Speed 2018;Wind Gust 2018;Temperature 2017;Relative Humidity 2017;Mean Sea Level Pressure 2017;Total Precipitation 2017;Snowfall amount raw 2017;Total Cloud Cover 2017;High Cloud Cover 2017;Medium Cloud Cover 2017;Low Cloud Cover 2017;Sunshine Duration 2017;Shortwave Radiation 2017;Wind Speed 2017;Wind Speed 2017;Wind Speed 2017;Wind Gust 2017;Temperature 2016;Relative Humidity 2016;Mean Sea Level Pressure 2016;Total Precipitation 2016;Snowfall amount raw 2016;Total Cloud Cover 2016;High Cloud Cover 2016;Medium Cloud Cover 2016;Low Cloud Cover 2016;Sunshine Duration 2016;Shortwave Radiation 2016;Wind Speed 2016;Wind Speed 2016;Wind Speed 2016;Wind Gust 2016
UNIT;;;;;°C;%;hPa;mm;cm;%;%;%;%;min;W/m2;km/h;km/h;km/h;km/h;°C;%;hPa;mm;cm;%;%;%;%;min;W/m2;km/h;km/h;km/h;km/h;°C;%;hPa;mm;cm;%;%;%;%;min;W/m2;km/h;km/h;km/h;km/h
AGGREGATION;;;;;;;;;;;;;;;;;;;;;;;;;;;;;;;;;;;;;;;;;;;;;;;;;
UTC_OFFSET;;;;;1;1;1;1;1;1;1;1;1;1;1;1;1;1;1;1;1;1;1;1;1;1;1;1;1;1;1;1;1;1;1;1;1;1;1;1;1;1;1;1;1;1;1;1;1

Year;Month;Day;Hour;Minute;Temperature 2018  [2 m above gnd];Relative Humidity 2018  [2 m above gnd];Mean Sea Level Pressure 2018  [MSL];Total Precipitation 2018  [sfc];Snowfall amount raw 2018  [sfc];Total Cloud Cover 2018  [sfc];High Cloud Cover 2018  [high cld lay];Medium Cloud Cover 2018  [mid cld lay];Low Cloud Cover 2018  [low cld lay];Sunshine Duration 2018  [sfc];Shortwave Radiation 2018  [sfc];Wind Speed 2018  [10 m above gnd];Wind Speed 2018  [80 m above gnd];Wind Speed 2018  [900 mb];Wind Gust 2018  [sfc];Temperature 2017  [2 m above gnd];Relative Humidity 2017  [2 m above gnd];Mean Sea Level Pressure 2017  [MSL];Total Precipitation 2017  [sfc];Snowfall amount raw 2017  [sfc];Total Cloud Cover 2017  [sfc];High Cloud Cover 2017  [high cld lay];Medium Cloud Cover 2017  [mid cld lay];Low Cloud Cover 2017  [low cld lay];Sunshine Duration 2017  [sfc];Shortwave Radiation 2017  [sfc];Wind Speed 2017  [10 m above gnd];Wind Speed 2017  [80 m above gnd];Wind Speed 2017  [900 mb];Wind Gust 2017  [sfc];Temperature 2016  [2 m above gnd];Relative Humidity 2016  [2 m above gnd];Mean Sea Level Pressure 2016  [MSL];Total Precipitation 2016  [sfc];Snowfall amount raw 2016  [sfc];Total Cloud Cover 2016  [sfc];High Cloud Cover 2016  [high cld lay];Medium Cloud Cover 2016  [mid cld lay];Low Cloud Cover 2016  [low cld lay];Sunshine Duration 2016  [sfc];Shortwave Radiation 2016  [sfc];Wind Speed 2016  [10 m above gnd];Wind Speed 2016  [80 m above gnd];Wind Speed 2016  [900 mb];Wind Gust 2016  [sfc]
2018;01;04;00;00;6.90;81.00;1009.20;0.00;0.00;100.00;19.00;70.00;100.00;0.00;0.00;35.64;46.44;91.01;54.00;-0.03;86.00;1028.80;0.00;0.00;28.00;15.00;28.00;0.00;0.00;0.00;12.31;19.71;37.06;29.88;5.47;76.00;996.20;1.80;0.00;100.00;0.00;100.00;100.00;0.00;0.00;24.48;30.50;63.17;43.20
2018;01;04;01;00;7.24;83.00;1009.20;0.00;0.00;100.00;28.00;27.00;100.00;0.00;0.00;30.60;40.13;81.01;52.20;0.16;87.00;1028.20;0.00;0.00;51.00;47.00;51.00;0.00;0.00;0.00;13.80;21.35;42.93;24.84;5.43;81.00;995.50;2.10;0.00;100.00;0.00;100.00;100.00;0.00;0.00;20.57;25.26;60.41;42.84
2018;01;04;02;00;6.62;83.00;1009.20;0.00;0.00;43.00;12.00;12.00;43.00;0.00;0.00;34.65;44.69;87.34;51.48;0.47;85.00;1028.40;0.00;0.00;45.00;33.00;45.00;33.00;0.00;0.00;14.56;21.35;45.05;25.20;6.23;75.00;995.20;2.10;0.00;100.00;0.00;100.00;100.00;0.00;0.00;28.04;38.95;78.96;47.88
2018;01;04;03;00;6.51;85.00;1008.10;0.00;0.00;100.00;80.00;100.00;100.00;0.00;0.00;26.99;34.74;76.00;42.84;1.05;82.00;1027.80;0.00;0.00;100.00;51.00;100.00;100.00;0.00;0.00;17.28;23.40;47.17;26.28;7.13;75.00;994.10;0.60;0.00;100.00;0.00;47.00;100.00;0.00;0.00;30.01;39.97;75.07;43.92
2018;01;04;04;00;6.58;83.00;1007.70;0.00;0.00;100.00;42.00;100.00;100.00;0.00;0.00;30.41;39.80;78.13;44.64;1.26;77.00;1027.10;0.00;0.00;100.00;99.00;100.00;100.00;0.00;0.00;18.25;24.94;49.76;28.44;6.94;77.00;993.70;0.30;0.00;100.00;0.00;0.00;100.00;0.00;0.00;28.66;38.02;71.18;38.88
2018;01;04;05;00;6.70;84.00;1007.70;0.20;0.00;100.00;24.00;100.00;100.00;0.00;0.00;25.58;33.97;71.68;42.12;1.58;70.00;1026.70;0.00;0.00;100.00;94.00;100.00;100.00;0.00;0.00;20.06;27.78;50.61;32.40;6.52;84.00;994.00;0.30;0.00;100.00;0.00;100.00;60.00;0.00;0.00;25.28;34.49;53.84;36.36
2018;01;04;06;00;7.07;84.00;1007.20;0.50;0.00;100.00;100.00;100.00;100.00;0.00;0.00;22.55;30.41;65.88;37.08;1.72;68.00;1026.00;0.00;0.00;100.00;100.00;100.00;100.00;0.00;0.00;21.66;29.83;54.74;32.76;6.82;82.00;994.60;0.00;0.00;100.00;0.00;100.00;100.00;0.00;0.00;21.87;31.42;58.32;34.56
2018;01;04;07;00;7.04;82.00;1005.60;1.10;0.00;100.00;54.00;100.00;100.00;0.00;0.00;10.20;16.56;57.64;34.20;1.71;70.00;1025.40;0.00;0.00;100.00;80.00;100.00;100.00;0.00;0.00;25.15;33.56;54.66;35.64;6.01;80.00;994.60;0.00;0.00;91.00;0.00;70.00;91.00;0.00;0.00;19.88;29.16;52.35;30.96
2018;01;04;08;00;7.26;84.00;1003.90;0.60;0.00;100.00;57.00;100.00;100.00;0.00;0.00;7.79;13.20;65.52;37.08;1.73;73.00;1025.50;0.00;0.00;100.00;6.00;100.00;100.00;0.00;0.00;26.98;35.97;59.04;38.88;6.43;84.00;994.30;0.10;0.00;100.00;0.00;100.00;100.00;0.00;0.00;19.26;28.35;52.26;31.32
2018;01;04;09;00;9.00;87.00;1003.00;0.50;0.00;100.00;32.00;100.00;100.00;0.00;3.56;11.62;19.13;77.39;40.68;1.98;73.00;1025.50;0.00;0.00;100.00;0.00;100.00;8.00;0.00;21.36;29.18;36.50;65.34;39.96;6.34;84.00;995.10;0.60;0.00;100.00;0.00;100.00;100.00;0.00;9.79;26.28;35.30;57.79;37.44
2018;01;04;10;00;11.00;81.00;1002.00;0.90;0.00;100.00;82.00;100.00;100.00;0.00;30.26;27.79;38.48;84.82;58.68;2.77;73.00;1024.30;0.00;0.00;100.00;0.00;37.00;100.00;0.00;113.03;33.70;40.69;68.37;42.48;6.83;82.00;995.00;0.40;0.00;100.00;0.00;100.00;100.00;0.00;86.33;20.28;25.76;59.83;30.24
2018;01;04;11;00;11.49;80.00;1001.70;2.10;0.00;100.00;100.00;100.00;100.00;0.00;44.50;36.86;47.60;93.75;59.40;3.29;74.00;1024.50;0.10;0.00;100.00;0.00;100.00;100.00;0.00;174.44;34.88;42.16;66.46;45.00;8.05;77.00;996.00;0.90;0.00;32.00;0.00;1.00;32.00;39.57;238.52;29.53;37.06;57.04;36.72
2018;01;04;12;00;12.41;78.00;1001.80;0.50;0.00;100.00;100.00;100.00;4.00;0.00;229.62;42.21;52.39;98.66;67.32;3.04;78.00;1024.20;0.00;0.00;100.00;4.00;100.00;100.00;0.00;153.08;34.61;41.84;67.43;45.00;8.21;75.00;995.50;0.90;0.00;41.00;0.00;22.00;41.00;33.83;254.54;27.96;34.25;52.69;36.72
2018;01;04;13;00;13.09;79.00;1002.50;0.10;0.00;100.00;57.00;100.00;100.00;0.00;182.45;42.16;52.65;96.19;58.32;2.49;79.00;1021.50;0.10;0.00;100.00;100.00;100.00;100.00;0.00;60.52;32.83;41.20;64.19;41.40;8.35;71.00;994.90;0.30;0.00;32.00;0.00;32.00;24.00;39.57;315.95;29.78;37.37;51.96;38.88
2018;01;04;14;00;12.76;80.00;1003.00;0.10;0.00;100.00;33.00;100.00;100.00;0.00;125.49;42.08;53.68;96.84;61.56;2.48;81.00;1021.50;0.20;0.00;100.00;100.00;100.00;100.00;0.00;55.18;34.94;43.60;68.77;45.36;8.43;68.00;995.60;0.20;0.00;0.00;0.00;0.00;0.00;60.00;320.40;29.38;36.26;50.17;37.44
2018;01;04;15;00;12.62;81.00;1003.20;0.50;0.00;100.00;38.00;100.00;100.00;0.00;73.87;41.66;53.03;96.51;65.52;2.71;79.00;1021.00;0.10;0.00;100.00;0.00;39.00;100.00;0.00;98.79;39.96;48.60;68.10;45.00;8.32;67.00;995.50;0.20;0.00;2.00;0.00;2.00;0.00;58.72;261.66;25.57;32.14;45.22;33.48
2018;01;04;16;00;12.62;80.00;1003.10;0.50;0.00;100.00;100.00;100.00;100.00;0.00;56.96;41.13;52.21;94.78;60.84;2.25;80.00;1021.40;0.10;0.00;100.00;0.00;0.00;100.00;0.00;89.00;40.35;50.09;63.41;47.16;7.65;70.00;996.10;0.00;0.00;75.00;0.00;53.00;75.00;12.13;159.31;24.59;32.11;44.63;31.68
2018;01;04;17;00;12.41;79.00;1003.70;0.50;0.00;100.00;100.00;100.00;100.00;0.00;13.35;35.76;46.58;90.29;50.76;1.66;82.00;1022.00;0.10;0.00;100.00;0.00;0.00;100.00;0.00;30.26;39.24;49.32;64.49;45.00;7.26;71.00;996.20;0.00;0.00;100.00;0.00;39.00;100.00;0.00;37.38;22.31;30.74;47.36;30.24
2018;01;04;18;00;12.17;81.00;1003.90;0.80;0.00;100.00;100.00;100.00;100.00;0.00;0.00;37.83;49.35;95.57;65.52;1.29;87.00;1022.10;0.00;0.00;100.00;0.00;0.00;100.00;0.00;0.00;41.07;50.82;65.17;48.60;6.44;75.00;996.70;0.00;0.00;88.00;0.00;11.00;88.00;0.00;0.00;18.20;26.61;51.40;27.00
2018;01;04;19;00;12.21;80.00;1003.50;0.90;0.00;100.00;77.00;100.00;100.00;0.00;0.00;38.08;49.26;94.50;55.08;1.43;87.00;1021.50;0.30;0.07;100.00;0.00;0.00;100.00;0.00;0.00;41.07;49.79;57.29;46.08;5.91;77.00;996.60;0.00;0.00;45.00;0.00;0.00;45.00;0.00;0.00;14.69;24.34;50.56;24.48
2018;01;04;20;00;11.92;82.00;1003.60;0.80;0.00;100.00;34.00;100.00;100.00;0.00;0.00;37.14;48.31;92.99;62.28;1.92;88.00;1022.10;0.60;0.14;100.00;0.00;0.00;100.00;0.00;0.00;35.46;43.63;61.17;43.20;5.08;78.00;996.50;0.00;0.00;7.00;0.00;0.00;7.00;0.00;0.00;14.00;23.98;50.30;24.12
2018;01;04;21;00;11.81;81.00;1004.50;0.60;0.00;100.00;28.00;100.00;100.00;0.00;0.00;36.32;47.25;90.29;63.36;2.46;89.00;1022.90;0.20;0.00;100.00;0.00;0.00;100.00;0.00;0.00;30.07;38.02;60.25;39.60;4.84;76.00;996.90;0.00;0.00;0.00;0.00;0.00;0.00;0.00;0.00;14.51;24.80;54.84;30.24
2018;01;04;22;00;11.59;81.00;1004.60;0.60;0.00;100.00;100.00;100.00;100.00;0.00;0.00;35.41;46.33;89.40;50.04;2.41;85.00;1023.50;0.00;0.00;100.00;0.00;0.00;100.00;0.00;0.00;24.54;31.11;56.67;35.64;4.40;77.00;996.40;0.00;0.00;0.00;0.00;0.00;0.00;0.00;0.00;12.89;22.40;51.70;27.36
2018;01;04;23;00;11.51;80.00;1004.40;0.30;0.00;100.00;100.00;100.00;100.00;0.00;0.00;34.04;44.86;86.99;51.48;1.39;85.00;1023.30;0.00;0.00;100.00;0.00;0.00;100.00;0.00;0.00;21.63;31.24;57.58;33.84;3.92;79.00;996.20;0.00;0.00;0.00;0.00;0.00;0.00;0.00;0.00;9.66;18.58;44.98;27.72
2018;01;05;00;00;11.30;77.00;1004.80;0.00;0.00;100.00;70.00;13.00;100.00;0.00;0.00;31.43;41.90;82.63;46.44;1.61;82.00;1023.40;0.00;0.00;100.00;0.00;0.00;100.00;0.00;0.00;21.66;31.10;59.63;35.64;2.88;83.00;996.00;0.00;0.00;0.00;0.00;0.00;0.00;0.00;0.00;7.59;9.02;37.64;17.64
2018;01;05;01;00;11.17;77.00;1004.90;0.10;0.00;100.00;35.00;0.00;100.00;0.00;0.00;29.83;39.96;79.84;43.92;1.40;82.00;1023.90;0.00;0.00;100.00;0.00;0.00;100.00;0.00;0.00;25.96;34.51;65.48;40.32;3.39;84.00;995.40;0.00;0.00;100.00;0.00;100.00;88.00;0.00;0.00;11.30;12.74;32.43;17.64
2018;01;05;02;00;10.84;77.00;1005.70;1.00;0.00;100.00;23.00;0.00;100.00;0.00;0.00;29.18;39.22;76.72;41.40;1.40;81.00;1024.50;0.10;0.00;100.00;0.00;0.00;100.00;0.00;0.00;24.27;30.97;64.75;34.92;3.41;91.00;995.10;0.00;0.00;100.00;0.00;100.00;100.00;0.00;0.00;10.14;12.22;25.84;24.12
2018;01;05;03;00;10.14;81.00;1006.10;1.10;0.00;100.00;24.00;0.00;100.00;0.00;0.00;22.86;31.21;67.60;37.80;1.61;75.00;1024.80;0.10;0.00;100.00;0.00;0.00;100.00;0.00;0.00;23.23;28.73;62.28;34.56;3.57;94.00;994.80;0.00;0.00;100.00;0.00;100.00;100.00;0.00;0.00;8.56;9.00;22.37;10.80
2018;01;05;04;00;9.90;83.00;1005.60;0.10;0.00;100.00;0.00;0.00;100.00;0.00;0.00;15.54;23.40;60.44;29.52;0.94;80.00;1026.50;0.00;0.00;45.00;0.00;0.00;45.00;0.00;0.00;16.98;23.51;56.33;30.24;3.61;95.00;994.40;0.40;0.00;100.00;0.00;100.00;100.00;0.00;0.00;6.92;10.81;17.23;8.64
2018;01;05;05;00;9.92;82.00;1005.10;0.10;0.00;100.00;0.00;47.00;100.00;0.00;0.00;16.28;24.25;59.94;29.88;-0.21;83.00;1027.00;0.00;0.00;0.00;0.00;0.00;0.00;0.00;0.00;12.82;21.75;57.96;27.00;4.96;92.00;994.80;1.70;0.00;100.00;0.00;100.00;100.00;0.00;0.00;11.50;17.21;32.07;20.52
2018;01;05;06;00;9.07;82.00;1005.00;0.00;0.00;82.00;38.00;82.00;0.00;0.00;0.00;12.10;21.87;59.52;29.16;-0.87;86.00;1027.80;0.00;0.00;0.00;0.00;0.00;0.00;0.00;0.00;9.59;15.38;65.35;26.64;4.73;90.00;995.70;1.70;0.00;100.00;0.00;100.00;100.00;0.00;0.00;12.98;19.35;39.56;24.12
2018;01;05;07;00;8.76;83.00;1005.00;0.00;0.00;19.00;12.00;19.00;0.00;0.00;0.00;11.49;22.07;67.94;28.08;-0.95;83.00;1029.30;0.00;0.00;100.00;0.00;0.00;100.00;0.00;0.00;9.69;11.46;62.22;27.00;5.20;86.00;996.40;0.70;0.00;100.00;0.00;100.00;21.00;0.00;0.00;16.87;26.41;46.61;27.36
2018;01;05;08;00;9.52;81.00;1003.90;0.00;0.00;100.00;13.00;100.00;0.00;0.00;0.00;15.46;26.58;70.84;30.60;-0.92;78.00;1029.80;0.00;0.00;100.00;0.00;0.00;100.00;0.00;0.00;12.43;12.77;53.98;25.20;4.34;86.00;996.20;0.00;0.00;11.00;0.00;11.00;0.00;34.00;0.00;11.30;20.87;40.19;22.32
2018;01;05;09;00;9.72;80.00;1003.60;0.00;0.00;16.00;14.00;16.00;0.00;49.79;23.14;14.12;23.57;70.68;29.88;-0.61;78.00;1031.30;0.00;0.00;80.00;0.00;0.00;80.00;8.94;22.25;12.82;13.18;41.10;21.24;4.75;84.00;996.20;0.00;0.00;82.00;0.00;82.00;0.00;7.66;23.14;9.20;16.32;46.33;20.88
2018;01;05;10;00;11.39;76.00;1003.80;0.00;0.00;100.00;6.00;100.00;39.00;0.00;135.28;18.39;25.67;62.84;30.96;-0.44;80.00;1032.40;0.00;0.00;33.00;0.00;0.00;33.00;38.94;144.18;12.29;12.29;34.62;17.64;6.56;77.00;996.90;0.00;0.00;6.00;0.00;0.00;6.00;56.17;139.73;12.98;15.82;45.26;22.32
2018;01;05;11;00;12.14;66.00;1003.60;0.10;0.00;100.00;23.00;64.00;100.00;0.00;207.37;20.95;24.97;54.82;32.04;0.14;74.00;1033.10;0.00;0.00;11.00;0.00;0.00;11.00;52.98;253.65;12.24;11.75;29.08;19.08;7.61;71.00;996.80;0.20;0.00;100.00;0.00;100.00;100.00;0.00;214.49;22.55;28.36;48.18;30.24
2018;01;05;12;00;13.06;63.00;1002.30;0.00;0.00;100.00;100.00;100.00;100.00;0.00;252.76;20.47;24.82;41.05;28.80;0.48;68.00;1033.40;0.00;0.00;50.00;0.00;0.00;50.00;28.09;307.94;11.59;11.30;23.94;16.92;8.66;67.00;995.90;0.00;0.00;100.00;0.00;21.00;100.00;0.00;224.28;24.40;30.40;48.50;33.12
2018;01;05;13;00;14.54;65.00;1002.40;0.50;0.00;100.00;24.00;14.00;100.00;0.00;187.79;20.09;25.86;42.24;34.56;0.53;83.00;1029.00;0.30;0.00;100.00;0.00;0.00;100.00;0.00;202.92;23.73;23.98;39.15;29.16;8.61;69.00;997.70;0.10;0.00;51.00;0.00;51.00;49.00;27.45;210.04;24.01;30.57;43.93;33.84
2018;01;05;14;00;13.71;67.00;1002.50;0.00;0.00;100.00;11.00;9.00;100.00;0.00;137.06;21.82;28.08;49.30;38.88;1.27;67.00;1029.60;0.00;0.00;49.00;0.00;0.00;49.00;28.72;315.06;25.72;26.48;39.19;34.20;8.75;67.00;997.60;0.20;0.00;51.00;0.00;51.00;51.00;27.45;240.30;22.61;28.99;40.90;33.48
2018;01;05;15;00;13.33;69.00;1002.40;0.10;0.00;100.00;9.00;8.00;100.00;0.00;81.88;21.27;28.16;55.12;37.08;0.63;75.00;1030.30;0.00;0.00;19.00;0.00;0.00;19.00;47.87;243.86;26.58;27.70;33.67;28.80;8.70;65.00;997.50;0.20;0.00;14.00;0.00;14.00;0.00;51.06;210.93;22.01;27.60;41.44;33.12
2018;01;05;16;00;14.01;64.00;1002.60;0.00;0.00;100.00;0.00;90.00;100.00;0.00;95.23;20.57;28.28;51.22;43.56;0.50;68.00;1031.70;0.00;0.00;10.00;0.00;0.00;10.00;53.62;133.50;16.58;19.45;28.14;29.52;8.21;65.00;998.10;0.00;0.00;0.00;0.00;0.00;0.00;60.00;155.75;18.21;25.50;42.48;29.16
2018;01;05;17;00;13.02;70.00;1002.70;0.00;0.00;100.00;0.00;100.00;98.00;0.00;23.14;16.12;23.28;50.07;40.32;0.29;74.00;1032.70;0.00;0.00;43.00;0.00;0.00;43.00;26.29;40.05;11.30;16.45;34.32;35.64;6.81;70.00;998.10;0.00;0.00;31.00;0.00;31.00;0.00;32.48;37.38;13.89;23.19;45.34;26.64
2018;01;05;18;00;11.86;75.00;1002.40;0.00;0.00;100.00;7.00;100.00;100.00;0.00;0.00;15.58;22.32;56.52;34.20;-0.90;80.00;1033.90;0.00;0.00;42.00;0.00;0.00;42.00;0.00;0.00;14.39;22.47;28.90;21.96;5.72;74.00;998.80;0.00;0.00;65.00;0.00;65.00;39.00;0.00;0.00;12.26;21.17;50.81;24.84
2018;01;05;19;00;11.93;73.00;1002.80;0.00;0.00;100.00;9.00;100.00;100.00;0.00;0.00;11.30;17.07;56.72;28.44;-3.09;73.00;1034.70;0.00;0.00;0.00;0.00;0.00;0.00;0.00;0.00;13.85;17.10;23.02;17.64;6.71;69.00;998.90;0.00;0.00;100.00;0.00;88.00;100.00;0.00;0.00;14.19;24.46;60.08;25.92
2018;01;05;20;00;11.31;80.00;1003.40;0.20;0.00;100.00;20.00;100.00;100.00;0.00;0.00;11.25;18.06;45.37;24.84;-4.44;74.00;1036.40;0.00;0.00;0.00;0.00;0.00;0.00;0.00;0.00;11.90;17.17;17.37;16.92;6.62;71.00;998.80;0.00;0.00;100.00;0.00;100.00;100.00;0.00;0.00;14.00;22.41;55.89;25.56
2018;01;05;21;00;10.10;97.00;1004.30;0.40;0.00;100.00;49.00;100.00;100.00;0.00;0.00;7.70;13.32;26.93;14.40;-3.26;80.00;1037.10;0.00;0.00;4.00;0.00;0.00;4.00;0.00;0.00;6.29;11.88;14.02;15.12;6.17;75.00;998.90;0.00;0.00;100.00;0.00;100.00;90.00;0.00;0.00;13.18;19.96;53.18;24.48
2018;01;05;22;00;9.84;97.00;1005.40;0.80;0.00;100.00;24.00;100.00;100.00;0.00;0.00;3.96;6.92;31.81;13.68;-2.56;79.00;1038.20;0.00;0.00;30.00;0.00;0.00;30.00;0.00;0.00;3.22;5.01;11.59;10.80;5.88;76.00;999.60;0.00;0.00;90.00;0.00;77.00;90.00;0.00;0.00;13.09;20.17;50.88;23.40
2018;01;05;23;00;9.51;96.00;1005.00;0.20;0.00;100.00;9.00;100.00;100.00;0.00;0.00;4.45;3.71;18.00;11.52;-2.55;81.00;1038.30;0.00;0.00;23.00;0.00;0.00;23.00;0.00;0.00;2.62;2.97;9.00;8.64;5.47;78.00;999.70;0.00;0.00;77.00;0.00;68.00;77.00;0.00;0.00;13.28;21.31;49.16;22.68
2018;01;06;00;00;9.01;96.00;1004.80;0.10;0.00;100.00;0.00;91.00;100.00;0.00;0.00;8.65;10.95;16.95;12.96;-2.66;82.00;1038.40;0.00;0.00;4.00;0.00;0.00;4.00;0.00;0.00;4.74;3.55;10.50;2.52;5.40;78.00;999.30;0.00;0.00;100.00;0.00;100.00;100.00;0.00;0.00;12.10;19.97;46.61;25.92
2018;01;06;01;00;8.65;95.00;1005.00;0.20;0.00;100.00;0.00;100.00;100.00;0.00;0.00;9.45;16.26;12.65;9.72;-3.17;79.00;1038.80;0.00;0.00;5.00;0.00;0.00;5.00;0.00;0.00;4.51;2.55;12.66;9.00;5.56;76.00;999.60;0.00;0.00;100.00;0.00;100.00;100.00;0.00;0.00;10.00;16.70;45.21;22.68
2018;01;06;02;00;8.71;91.00;1005.20;0.00;0.00;100.00;0.00;30.00;100.00;0.00;0.00;11.17;18.84;6.49;9.36;-2.91;80.00;1039.60;0.00;0.00;54.00;0.00;0.00;54.00;0.00;0.00;6.38;6.84;14.69;8.64;5.36;78.00;1000.20;0.00;0.00;100.00;0.00;100.00;100.00;0.00;0.00;10.31;15.08;40.88;21.96
2018;01;06;03;00;8.68;90.00;1004.20;0.00;0.00;100.00;0.00;1.00;100.00;0.00;0.00;11.44;18.51;6.49;15.12;-2.45;80.00;1038.70;0.00;0.00;7.00;0.00;0.00;7.00;0.00;0.00;7.07;11.89;15.19;8.28;4.49;75.00;999.80;0.10;0.00;81.00;0.00;69.00;81.00;0.00;0.00;15.63;24.86;34.52;27.00
2018;01;06;04;00;8.66;88.00;1003.90;0.00;0.00;100.00;0.00;0.00;100.00;0.00;0.00;11.97;19.97;18.00;16.56;-1.79;70.00;1039.00;0.00;0.00;10.00;0.00;0.00;10.00;0.00;0.00;7.57;13.68;15.48;9.36;4.05;77.00;999.60;0.00;0.00;79.00;0.00;10.00;79.00;0.00;0.00;12.18;20.46;33.81;27.00
2018;01;06;05;00;8.44;85.00;1003.90;0.00;0.00;100.00;0.00;0.00;100.00;0.00;0.00;10.59;16.60;18.08;11.88;-2.59;76.00;1039.60;0.00;0.00;5.00;0.00;0.00;5.00;0.00;0.00;8.31;12.64;17.02;10.80;3.57;79.00;999.40;0.00;0.00;9.00;0.00;0.00;9.00;0.00;0.00;10.45;18.35;29.95;19.80
2018;01;06;06;00;7.96;87.00;1003.80;0.00;0.00;100.00;0.00;0.00;100.00;0.00;0.00;10.95;14.48;14.40;15.84;-3.96;74.00;1039.40;0.00;0.00;4.00;0.00;0.00;4.00;0.00;0.00;11.25;16.04;18.73;16.56;3.33;79.00;999.30;0.00;0.00;0.00;0.00;0.00;0.00;0.00;0.00;10.80;18.67;29.64;18.72
2018;01;06;07;00;7.61;89.00;1004.10;0.00;0.00;87.00;0.00;0.00;87.00;0.00;0.00;8.50;13.39;16.20;10.44;-4.42;72.00;1040.10;0.00;0.00;42.00;0.00;0.00;42.00;0.00;0.00;11.02;16.08;20.52;16.56;3.11;79.00;999.90;0.00;0.00;25.00;0.00;3.00;25.00;0.00;0.00;10.46;18.10;31.87;20.52
2018;01;06;08;00;6.80;95.00;1004.20;0.00;0.00;0.00;0.00;0.00;0.00;38.72;0.00;9.09;16.18;22.22;6.12;-4.91;69.00;1041.00;0.00;0.00;22.00;0.00;0.00;22.00;29.66;0.00;9.29;15.53;19.08;15.12;2.50;82.00;999.40;0.00;0.00;8.00;0.00;8.00;0.00;35.43;0.00;9.34;13.04;29.60;17.64
2018;01;06;09;00;6.10;94.00;1004.90;0.00;0.00;0.00;0.00;0.00;0.00;60.00;20.47;9.83;19.67;16.90;8.28;-4.84;64.00;1041.30;0.00;0.00;0.00;0.00;0.00;0.00;60.00;23.14;7.70;13.61;19.80;14.04;2.35;85.00;999.80;0.00;0.00;9.00;0.00;9.00;0.00;54.26;24.92;9.93;10.74;29.18;15.12
2018;01;06;10;00;7.12;90.00;1004.90;0.00;0.00;0.00;0.00;0.00;0.00;60.00;131.72;10.79;18.68;9.23;5.76;-3.74;67.00;1041.30;0.00;0.00;0.00;0.00;0.00;0.00;60.00;141.51;11.63;11.84;21.75;15.84;4.12;82.00;1000.00;0.00;0.00;5.00;0.00;4.00;5.00;56.81;146.85;6.92;10.18;27.53;15.84
2018;01;06;11;00;9.20;79.00;1004.80;0.00;0.00;0.00;0.00;0.00;0.00;60.00;235.85;13.38;16.75;3.08;9.00;-2.88;66.00;1041.80;0.00;0.00;0.00;0.00;0.00;0.00;60.00;250.09;14.97;14.97;23.50;18.00;6.24;75.00;1000.40;0.00;0.00;3.00;0.00;0.00;3.00;58.09;250.09;5.00;4.33;25.12;14.04
2018;01;06;12;00;10.42;74.00;1004.20;0.00;0.00;3.00;10.00;0.00;0.00;58.09;307.05;12.86;14.37;4.69;11.52;-2.01;54.00;1041.20;0.00;0.00;0.00;0.00;0.00;0.00;60.00;323.07;18.45;18.10;25.36;20.16;8.28;61.00;999.90;0.00;0.00;9.00;0.00;9.00;0.00;54.26;317.73;12.31;13.25;29.06;21.24
2018;01;06;13;00;11.82;71.00;1005.40;0.00;0.00;0.00;0.00;0.00;0.00;60.00;333.75;16.86;18.90;7.20;15.48;-1.78;52.00;1038.70;0.00;0.00;0.00;0.00;0.00;0.00;60.00;351.55;20.99;20.63;21.99;20.52;8.48;69.00;1000.10;0.00;0.00;100.00;2.00;24.00;100.00;0.00;289.25;18.18;20.32;24.58;21.24
2018;01;06;14;00;12.29;67.00;1005.50;0.00;0.00;0.00;0.00;0.00;0.00;60.00;313.28;16.52;19.01;7.79;30.96;-1.59;48.00;1039.00;0.00;0.00;0.00;0.00;0.00;0.00;60.00;333.75;18.00;17.64;18.72;20.52;8.89;68.00;1000.90;0.00;0.00;100.00;0.00;41.00;100.00;0.00;249.20;15.11;17.30;22.15;20.52
2018;01;06;15;00;12.37;68.00;1005.70;0.00;0.00;0.00;0.00;0.00;0.00;60.00;253.65;15.48;18.67;11.09;13.68;-1.59;48.00;1039.40;0.00;0.00;0.00;0.00;0.00;0.00;60.00;269.67;16.94;16.58;18.78;19.80;8.28;72.00;1001.00;0.00;0.00;100.00;0.00;85.00;100.00;0.00;132.61;14.69;17.31;21.32;20.16
2018;01;06;16;00;11.73;71.00;1005.80;0.00;0.00;0.00;0.00;0.00;0.00;60.00;154.86;13.10;20.04;14.11;13.68;-1.83;50.00;1039.50;0.00;0.00;0.00;0.00;0.00;0.00;60.00;166.43;16.58;16.94;19.16;19.08;8.00;75.00;1001.30;0.00;0.00;100.00;0.00;68.00;100.00;0.00;65.86;13.28;16.52;22.39;20.52
2018;01;06;17;00;10.59;73.00;1006.10;0.00;0.00;8.40;28.00;0.00;0.00;45.13;39.16;11.30;21.32;14.08;12.60;-2.35;54.00;1040.50;0.00;0.00;0.00;0.00;0.00;0.00;49.55;42.72;14.44;17.67;19.30;16.56;7.34;81.00;1001.90;0.00;0.00;100.00;0.00;100.00;100.00;0.00;20.47;12.24;17.65;31.26;21.60
2018;01;06;18;00;9.08;82.00;1007.20;0.00;0.00;18.00;19.00;18.00;0.00;0.00;0.00;9.03;17.03;16.42;10.08;-3.15;63.00;1040.30;0.00;0.00;0.00;0.00;0.00;0.00;0.00;0.00;15.60;19.91;18.53;17.28;6.49;81.00;1002.50;0.10;0.00;100.00;0.00;100.00;100.00;0.00;0.00;11.02;16.30;22.61;23.40
2018;01;06;19;00;7.49;89.00;1007.50;0.00;0.00;3.90;13.00;2.00;0.00;0.00;0.00;6.64;13.10;18.68;18.00;-4.34;65.00;1039.30;0.00;0.00;0.00;0.00;0.00;0.00;0.00;0.00;12.43;19.05;17.70;14.76;6.00;82.00;1002.40;0.20;0.00;100.00;0.00;56.00;100.00;0.00;0.00;7.57;11.59;24.13;14.04
2018;01;06;20;00;6.93;88.00;1008.00;0.00;0.00;3.60;12.00;0.00;0.00;0.00;0.00;5.32;10.95;19.48;18.36;-4.11;66.00;1040.70;0.00;0.00;37.00;0.00;37.00;0.00;0.00;0.00;11.50;19.52;17.37;19.08;6.15;87.00;1002.50;0.10;0.00;100.00;0.00;24.00;100.00;0.00;0.00;10.04;13.90;32.28;18.00
2018;01;06;21;00;6.90;83.00;1009.30;0.00;0.00;4.80;16.00;0.00;0.00;0.00;0.00;6.76;11.38;19.88;20.52;-4.55;69.00;1040.90;0.00;0.00;0.00;0.00;0.00;0.00;0.00;0.00;12.64;20.00;15.91;21.24;5.52;78.00;1003.60;0.10;0.00;100.00;0.00;0.00;100.00;0.00;0.00;18.21;25.17;39.83;24.84
2018;01;06;22;00;6.55;82.00;1009.90;0.00;0.00;4.20;14.00;0.00;0.00;0.00;0.00;7.42;15.58;19.52;19.08;-4.96;68.00;1040.40;0.00;0.00;0.00;0.00;0.00;0.00;0.00;0.00;14.37;19.52;13.85;23.76;5.67;81.00;1003.20;0.10;0.00;100.00;0.00;0.00;100.00;0.00;0.00;15.28;22.53;41.53;21.60
2018;01;06;23;00;5.99;81.00;1009.80;0.00;0.00;3.30;11.00;2.00;0.00;0.00;0.00;8.71;20.12;18.03;20.16;-5.27;68.00;1039.70;0.00;0.00;0.00;0.00;0.00;0.00;0.00;0.00;17.87;20.27;11.90;25.20;5.25;83.00;1003.70;0.00;0.00;100.00;0.00;0.00;100.00;0.00;0.00;13.71;21.19;35.67;20.88
2018;01;07;00;00;6.24;74.00;1010.10;0.00;0.00;3.30;11.00;3.00;0.00;0.00;0.00;9.20;23.05;15.27;19.08;-5.35;68.00;1040.00;0.00;0.00;0.00;0.00;0.00;0.00;0.00;0.00;19.35;22.43;11.88;26.28;4.68;84.00;1004.50;0.00;0.00;77.00;0.00;0.00;77.00;0.00;0.00;11.49;19.80;32.06;18.72
2018;01;07;01;00;6.36;71.00;1010.50;0.00;0.00;16.00;14.00;16.00;0.00;0.00;0.00;9.51;24.70;11.59;12.96;-5.44;67.00;1039.60;0.00;0.00;0.00;0.00;0.00;0.00;0.00;0.00;18.90;22.88;10.80;25.56;3.81;85.00;1004.30;0.00;0.00;100.00;0.00;0.00;100.00;0.00;0.00;9.11;17.32;30.68;22.32
2018;01;07;02;00;6.23;71.00;1011.30;0.00;0.00;79.00;17.00;79.00;0.00;0.00;0.00;11.30;26.06;12.24;10.08;-5.55;66.00;1039.60;0.00;0.00;3.00;10.00;2.00;0.00;0.00;0.00;19.47;23.60;11.53;22.32;3.43;86.00;1005.10;0.00;0.00;64.00;0.00;0.00;64.00;0.00;0.00;10.30;18.95;34.93;18.36
2018;01;07;03;00;5.87;72.00;1011.10;0.00;0.00;100.00;46.00;100.00;0.00;0.00;0.00;11.84;25.50;14.51;21.96;-5.63;65.00;1039.20;0.00;0.00;16.00;15.00;16.00;0.00;0.00;0.00;18.53;23.54;12.25;25.20;2.79;89.00;1004.30;0.00;0.00;2.00;0.00;0.00;2.00;0.00;0.00;7.15;15.48;28.69;16.20
2018;01;07;04;00;5.42;77.00;1010.90;0.00;0.00;100.00;100.00;100.00;100.00;0.00;0.00;11.73;22.71;19.83;18.00;-5.75;66.00;1039.30;0.00;0.00;10.00;9.00;10.00;0.00;0.00;0.00;17.24;23.02;12.25;23.76;2.18;89.00;1004.30;0.00;0.00;72.00;0.00;72.00;41.00;0.00;0.00;7.64;10.70;22.90;15.84
2018;01;07;05;00;5.00;81.00;1011.50;0.00;0.00;100.00;100.00;100.00;88.00;0.00;0.00;10.79;17.87;26.31;20.88;-6.06;66.00;1038.10;0.00;0.00;15.00;13.00;15.00;0.00;0.00;0.00;17.58;24.65;10.80;22.68;2.32;87.00;1004.50;0.00;0.00;100.00;100.00;100.00;100.00;0.00;0.00;8.56;10.95;23.05;16.92
2018;01;07;06;00;5.05;82.00;1011.70;0.00;0.00;100.00;100.00;100.00;0.00;0.00;0.00;6.76;10.38;35.43;21.24;-6.28;65.00;1038.00;0.00;0.00;59.00;21.00;59.00;0.00;0.00;0.00;17.88;25.07;10.09;21.60;2.45;85.00;1003.70;0.00;0.00;4.20;14.00;4.00;0.00;0.00;0.00;10.18;14.24;19.13;11.16
2018;01;07;07;00;5.22;80.00;1012.30;0.00;0.00;100.00;100.00;100.00;0.00;0.00;0.00;0.80;4.90;38.77;11.52;-6.15;62.00;1038.20;0.00;0.00;100.00;35.00;100.00;0.00;0.00;0.00;17.85;24.70;7.34;20.16;2.10;88.00;1003.60;0.00;0.00;0.60;2.00;0.00;0.00;0.00;0.00;10.59;15.88;18.58;14.04
2018;01;07;08;00;4.50;83.00;1011.80;0.00;0.00;100.00;100.00;100.00;0.00;0.00;0.00;4.51;4.10;48.90;3.96;-5.84;60.00;1037.40;0.00;0.00;100.00;20.00;100.00;0.00;0.00;0.00;18.58;24.07;4.69;18.36;1.96;87.00;1002.00;0.00;0.00;75.00;84.00;75.00;0.00;7.88;0.00;10.80;13.36;23.19;16.92
2018;01;07;09;00;4.21;87.00;1013.00;0.00;0.00;100.00;100.00;100.00;6.00;0.00;21.36;4.38;7.73;44.85;14.04;-5.33;55.00;1038.00;0.00;0.00;31.00;0.00;31.00;0.00;40.21;25.81;17.79;23.40;3.10;18.36;2.02;90.00;1001.70;0.00;0.00;100.00;100.00;100.00;0.00;0.00;21.36;10.80;13.71;29.63;15.84
2018;01;07;10;00;5.19;86.00;1013.90;0.00;0.00;30.00;100.00;27.00;4.00;40.85;132.61;5.01;5.69;43.38;14.04;-3.81;47.00;1037.70;0.00;0.00;72.00;0.00;0.00;72.00;14.04;148.63;16.68;18.47;3.32;14.76;4.40;84.00;1001.00;0.00;0.00;100.00;100.00;100.00;0.00;0.00;93.45;13.61;16.09;37.80;17.28
2018;01;07;11;00;5.88;88.00;1013.50;0.00;0.00;30.00;100.00;23.00;26.00;40.85;238.52;5.62;4.90;49.31;16.20;-2.43;43.00;1037.00;0.00;0.00;62.00;0.00;0.00;62.00;20.43;250.09;14.12;15.38;6.83;10.08;5.91;75.00;1000.40;0.00;0.00;100.00;100.00;100.00;100.00;0.00;131.72;13.20;15.94;42.10;25.20
2018;01;07;12;00;6.41;91.00;1013.80;0.00;0.00;100.00;64.00;10.00;100.00;0.00;292.81;8.16;6.92;46.01;15.84;-0.94;42.00;1036.50;0.00;0.00;78.00;0.00;0.00;78.00;10.21;322.18;9.69;10.93;10.95;5.04;5.46;74.00;1000.50;0.00;0.00;100.00;100.00;100.00;100.00;0.00;64.97;11.87;13.91;47.07;24.84
2018;01;07;13;00;6.46;90.00;1014.90;0.00;0.00;100.00;23.00;9.00;100.00;0.00;190.46;8.65;6.37;34.58;15.84;-0.54;55.00;1035.20;0.00;0.00;100.00;0.00;92.00;100.00;0.00;293.70;5.00;4.68;9.69;3.96;3.81;85.00;996.20;1.80;0.00;100.00;100.00;100.00;100.00;0.00;16.91;24.49;30.85;61.78;45.36
2018;01;07;14;00;7.74;87.00;1015.00;0.00;0.00;100.00;17.00;2.00;100.00;0.00;204.70;6.88;5.40;31.44;6.48;0.05;50.00;1034.60;0.00;0.00;100.00;0.00;85.00;100.00;0.00;283.02;1.44;1.48;11.71;3.96;5.25;81.00;995.30;2.60;0.00;100.00;15.00;100.00;100.00;0.00;34.71;19.35;24.74;60.39;46.80
2018;01;07;15;00;8.71;84.00;1014.60;0.00;0.00;100.00;12.00;1.00;100.00;0.00;174.44;7.20;6.49;29.59;9.36;0.39;47.00;1034.60;0.00;0.00;100.00;0.00;85.00;100.00;0.00;212.71;3.42;2.88;17.15;19.44;8.26;80.00;994.00;2.20;0.00;100.00;0.00;10.00;100.00;0.00;46.28;19.69;29.32;70.46;47.52
2018;01;07;16;00;9.24;82.00;1014.90;0.00;0.00;100.00;8.00;1.00;100.00;0.00;126.38;8.50;9.89;26.63;14.40;0.65;48.00;1035.40;0.00;0.00;100.00;0.00;81.00;100.00;0.00;133.50;4.55;4.33;15.18;6.84;9.89;82.00;995.10;0.30;0.00;100.00;0.00;10.00;100.00;0.00;24.92;28.82;39.64;84.58;46.44
2018;01;07;17;00;8.64;85.00;1015.70;0.00;0.00;100.00;2.00;2.00;100.00;0.00;40.94;6.92;11.18;24.80;12.24;0.63;45.00;1035.50;0.00;0.00;100.00;0.00;58.00;100.00;0.00;34.71;2.55;3.88;17.16;16.92;9.72;85.00;997.20;0.10;0.00;100.00;0.00;10.00;100.00;0.00;12.46;34.71;46.28;85.79;50.76
2018;01;07;18;00;7.92;88.00;1016.00;0.00;0.00;100.00;0.00;0.00;100.00;0.00;0.00;6.62;10.80;21.97;7.56;0.75;42.00;1034.40;0.00;0.00;100.00;0.00;47.00;100.00;0.00;0.00;3.62;8.91;19.80;15.12;9.27;85.00;999.60;0.00;0.00;0.00;0.00;0.00;0.00;0.00;0.00;34.03;45.21;79.89;47.52
2018;01;07;19;00;7.30;90.00;1016.40;0.00;0.00;100.00;0.00;4.00;100.00;0.00;0.00;4.74;5.63;17.67;7.20;0.37;53.00;1034.20;0.00;0.00;100.00;22.00;51.00;100.00;0.00;0.00;8.65;16.60;22.10;19.08;8.48;84.00;1001.20;0.50;0.00;9.00;0.00;0.00;9.00;0.00;0.00;28.86;39.28;67.38;43.92
2018;01;07;20;00;6.91;92.00;1016.70;0.00;0.00;100.00;0.00;6.00;100.00;0.00;0.00;2.90;3.60;14.19;6.84;0.09;58.00;1035.00;0.00;0.00;100.00;22.00;100.00;100.00;0.00;0.00;12.24;18.01;21.90;15.12;8.32;81.00;1002.40;0.00;0.00;100.00;0.00;0.00;100.00;0.00;0.00;30.74;40.84;70.22;42.84
2018;01;07;21;00;6.88;92.00;1017.80;0.00;0.00;100.00;0.00;0.00;100.00;0.00;0.00;2.16;3.42;11.79;6.48;-0.54;65.00;1035.10;0.00;0.00;100.00;39.00;100.00;100.00;0.00;0.00;15.91;20.21;25.15;19.44;7.80;81.00;1004.40;0.00;0.00;100.00;0.00;0.00;100.00;0.00;0.00;28.52;38.22;66.02;42.48
2018;01;07;22;00;6.47;95.00;1018.30;0.00;0.00;100.00;3.00;0.00;100.00;0.00;0.00;0.72;1.08;11.79;3.96;-1.27;81.00;1035.50;0.00;0.00;100.00;24.00;86.00;100.00;0.00;0.00;19.45;21.25;27.69;23.04;7.51;83.00;1005.60;0.00;0.00;100.00;18.00;0.00;100.00;0.00;0.00;24.61;33.64;61.97;34.20
2018;01;07;23;00;6.14;96.00;1018.00;0.00;0.00;100.00;8.00;0.00;100.00;0.00;0.00;3.08;3.98;11.68;10.80;-1.50;83.00;1034.50;0.00;0.07;100.00;97.00;100.00;100.00;0.00;0.00;23.07;25.94;23.87;33.12;7.14;84.00;1006.80;0.00;0.00;100.00;100.00;35.00;100.00;0.00;0.00;23.89;32.56;59.42;34.20
2018;01;08;00;00;5.70;96.00;1018.20;0.00;0.00;100.00;19.00;0.00;100.00;0.00;0.00;2.28;1.48;13.18;9.72;-1.38;85.00;1034.30;0.10;0.07;100.00;100.00;100.00;100.00;0.00;0.00;25.57;29.17;26.94;34.92;6.72;85.00;1007.50;0.00;0.00;100.00;29.00;0.00;100.00;0.00;0.00;21.79;30.10;56.16;33.12
2018;01;08;01;00;4.87;95.00;1019.00;0.00;0.00;100.00;17.00;0.00;100.00;0.00;0.00;0.80;3.05;10.59;16.56;-1.37;85.00;1034.10;0.20;0.14;100.00;100.00;100.00;100.00;0.00;0.00;28.12;32.42;25.96;36.36;6.44;87.00;1008.80;0.00;0.00;100.00;100.00;100.00;100.00;0.00;0.00;20.53;28.09;53.13;31.68
2018;01;08;02;00;4.35;95.00;1019.60;0.00;0.00;100.00;15.00;1.00;100.00;0.00;0.00;1.08;1.61;8.29;19.80;-1.30;84.00;1034.40;0.20;0.07;100.00;100.00;100.00;100.00;0.00;0.00;29.53;34.20;21.76;38.52;6.02;87.00;1009.90;0.00;0.00;100.00;22.00;100.00;10.00;0.00;0.00;18.03;25.65;49.49;28.08
2018;01;08;03;00;4.07;95.00;1019.20;0.00;0.00;100.00;16.00;6.00;100.00;0.00;0.00;1.44;0.80;8.76;19.44;-1.26;84.00;1032.90;0.10;0.07;100.00;100.00;100.00;100.00;0.00;0.00;31.32;36.00;16.81;33.12;5.26;89.00;1009.80;0.00;0.00;43.00;0.00;43.00;32.00;0.00;0.00;16.33;25.58;44.51;29.16
2018;01;08;04;00;4.06;95.00;1019.60;0.00;0.00;100.00;52.00;42.00;100.00;0.00;0.00;4.10;2.60;11.25;14.04;-1.00;83.00;1032.60;0.10;0.00;100.00;86.00;100.00;100.00;0.00;0.00;32.04;37.08;13.51;36.36;4.93;88.00;1010.10;0.00;0.00;100.00;22.00;100.00;100.00;0.00;0.00;11.87;19.13;37.52;24.48
2018;01;08;05;00;3.86;95.00;1019.90;0.00;0.00;100.00;55.00;46.00;100.00;0.00;0.00;2.52;0.36;8.71;4.32;-0.81;80.00;1032.90;0.10;0.00;100.00;100.00;100.00;100.00;0.00;0.00;33.85;38.89;15.19;32.04;4.38;89.00;1010.10;0.00;0.00;10.00;7.00;10.00;0.00;0.00;0.00;8.67;15.63;36.02;18.36
2018;01;08;06;00;3.35;95.00;1019.70;0.00;0.00;100.00;72.00;66.00;100.00;0.00;0.00;1.44;2.90;3.40;2.52;-0.73;82.00;1031.80;0.10;0.00;100.00;100.00;100.00;100.00;0.00;0.00;33.13;38.17;12.10;30.96;4.29;88.00;1010.30;0.00;0.00;100.00;19.00;100.00;0.00;0.00;0.00;4.69;10.90;30.27;12.60
2018;01;08;07;00;3.18;95.00;1020.00;0.00;0.00;100.00;100.00;100.00;100.00;0.00;0.00;0.36;2.10;7.20;1.44;-0.71;82.00;1032.30;0.10;0.00;100.00;84.00;100.00;100.00;0.00;0.00;32.47;37.86;13.10;30.96;4.22;90.00;1010.60;0.00;0.00;100.00;93.00;100.00;0.00;0.00;0.00;2.04;6.48;27.42;9.72
2018;01;08;08;00;3.01;95.00;1019.30;0.00;0.00;100.00;92.00;97.00;100.00;0.00;0.00;1.30;1.30;21.30;7.20;-0.79;84.00;1032.50;0.10;0.00;100.00;23.00;100.00;100.00;0.00;0.00;32.47;37.52;16.42;30.96;4.17;91.00;1009.70;0.00;0.00;100.00;86.00;100.00;1.00;0.00;0.00;4.20;2.31;23.69;2.52
2018;01;08;09;00;3.07;95.00;1019.20;0.00;0.00;100.00;100.00;100.00;100.00;0.00;15.13;2.74;3.24;25.31;9.72;-0.62;83.00;1032.80;0.10;0.00;100.00;0.00;100.00;100.00;0.00;14.24;33.55;37.17;19.39;33.84;4.10;93.00;1010.30;0.00;0.00;100.00;10.00;7.00;100.00;0.00;25.81;7.29;9.83;26.34;7.56
2018;01;08;10;00;3.57;94.00;1019.20;0.00;0.00;100.00;14.00;16.00;100.00;0.00;104.13;5.41;5.45;19.83;8.64;-0.24;80.00;1032.80;0.00;0.00;100.00;0.00;87.00;100.00;0.00;72.98;33.49;35.29;20.72;32.04;5.17;89.00;1009.80;0.00;0.00;98.00;20.00;98.00;14.00;0.00;145.96;13.57;15.65;24.16;16.20
2018;01;08;11;00;4.45;93.00;1018.60;0.00;0.00;100.00;9.00;3.00;100.00;0.00;190.46;3.55;2.10;23.68;10.08;0.92;74.00;1033.30;0.00;0.00;100.00;0.00;44.00;100.00;0.00;160.20;31.72;33.20;21.32;29.52;6.34;85.00;1009.10;0.00;0.00;83.00;16.00;0.00;83.00;7.02;224.28;15.79;17.73;19.08;20.16
2018;01;08;12;00;5.71;89.00;1018.00;0.00;0.00;100.00;0.00;0.00;100.00;0.00;277.68;5.90;7.63;26.66;17.28;1.29;76.00;1032.90;0.00;0.00;100.00;0.00;12.00;100.00;0.00;198.47;30.60;31.31;21.84;29.88;7.92;78.00;1007.50;0.00;0.00;41.00;10.00;41.00;17.00;33.83;295.48;15.94;17.71;12.61;24.84
2018;01;08;13;00;11.10;64.00;1016.90;0.00;0.00;80.00;0.00;80.00;0.00;8.94;343.54;7.99;9.72;13.49;9.72;1.42;67.00;1031.60;0.00;0.00;36.00;0.00;0.00;36.00;37.02;347.99;14.24;13.44;24.03;14.40;10.50;62.00;1006.00;0.00;0.00;100.00;19.00;0.00;100.00;0.00;335.53;12.60;12.82;15.26;20.52
2018;01;08;14;00;12.27;62.00;1016.30;0.00;0.00;29.00;0.00;29.00;0.00;41.49;327.52;8.09;9.26;17.65;6.84;2.31;66.00;1031.60;0.00;0.00;76.00;0.00;0.00;76.00;11.49;330.19;14.49;14.33;22.88;17.64;10.99;57.00;1005.20;0.00;0.00;100.00;20.00;2.00;100.00;0.00;289.25;13.34;14.15;18.69;24.12
2018;01;08;15;00;12.51;63.00;1015.80;0.00;0.00;28.00;0.00;28.00;0.00;42.13;270.56;6.62;8.83;14.71;8.64;2.84;67.00;1031.70;0.00;0.00;68.00;0.00;0.00;68.00;16.60;268.78;14.69;14.69;22.77;16.92;10.62;59.00;1004.60;0.00;0.00;100.00;22.00;100.00;100.00;0.00;232.29;12.68;13.72;18.00;24.84
2018;01;08;16;00;12.18;66.00;1016.10;0.00;0.00;100.00;0.00;100.00;11.00;0.00;168.21;3.08;3.83;13.66;5.40;2.86;69.00;1032.30;0.00;0.00;87.00;0.00;0.00;87.00;4.47;170.88;14.77;15.28;20.95;16.20;9.73;67.00;1004.20;0.00;0.00;100.00;27.00;100.00;100.00;0.00;110.36;13.38;17.11;20.63;15.84
2018;01;08;17;00;8.79;84.00;1016.90;0.00;0.00;42.00;0.00;42.00;0.00;28.67;44.50;9.18;11.77;12.14;10.08;2.55;73.00;1032.90;0.00;0.00;100.00;0.00;0.00;100.00;0.00;47.17;13.25;14.53;18.25;15.48;9.02;76.00;1005.00;0.00;0.00;100.00;100.00;100.00;100.00;0.00;24.92;11.68;16.98;17.56;25.20
2018;01;08;18;00;7.01;90.00;1016.80;0.00;0.00;0.00;0.00;0.00;0.00;0.00;0.00;5.01;3.08;20.18;11.16;2.16;77.00;1032.90;0.00;0.00;100.00;0.00;0.00;100.00;0.00;0.00;11.97;12.98;13.83;13.68;8.24;83.00;1004.90;0.00;0.00;100.00;100.00;100.00;100.00;0.00;0.00;14.77;20.19;14.92;28.08
2018;01;08;19;00;6.60;89.00;1016.30;0.00;0.00;6.00;3.00;6.00;0.00;0.00;0.00;2.52;10.00;27.00;10.80;1.65;82.00;1032.40;0.00;0.00;100.00;0.00;0.00;100.00;0.00;0.00;12.78;13.98;8.59;12.60;7.82;85.00;1004.10;0.00;0.00;100.00;69.00;100.00;100.00;0.00;0.00;15.82;21.39;16.74;25.20
2018;01;08;20;00;6.47;89.00;1015.80;0.00;0.00;59.00;25.00;59.00;0.00;0.00;0.00;8.31;22.26;26.47;13.32;1.08;85.00;1032.90;0.00;0.00;100.00;0.00;0.00;100.00;0.00;0.00;13.40;14.39;6.99;10.80;7.71;87.00;1003.80;0.10;0.00;100.00;27.00;100.00;100.00;0.00;0.00;17.15;22.67;21.90;28.44
2018;01;08;21;00;6.71;84.00;1015.10;0.00;0.00;26.00;26.00;26.00;0.00;0.00;0.00;11.89;16.95;46.91;18.00;0.17;89.00;1033.70;0.00;0.00;100.00;0.00;0.00;100.00;0.00;0.00;12.30;12.64;6.16;9.36;7.57;89.00;1003.90;0.70;0.00;100.00;10.00;100.00;100.00;0.00;0.00;17.08;21.48;30.46;29.52
2018;01;08;22;00;6.92;82.00;1013.70;0.00;0.00;100.00;100.00;100.00;0.00;0.00;0.00;10.11;16.81;61.27;25.20;-0.09;88.00;1033.50;0.00;0.00;100.00;0.00;0.00;100.00;0.00;0.00;9.75;9.72;5.41;6.48;7.46;90.00;1003.90;0.90;0.00;100.00;8.00;100.00;100.00;0.00;0.00;15.88;20.09;27.53;27.00
2018;01;08;23;00;7.72;76.00;1013.60;0.00;0.00;100.00;100.00;100.00;0.00;0.00;0.00;7.93;16.20;54.44;23.76;-0.05;89.00;1032.90;0.00;0.00;100.00;0.00;0.00;100.00;0.00;0.00;8.35;8.31;3.96;5.40;7.32;93.00;1003.20;0.90;0.00;100.00;62.00;100.00;100.00;0.00;0.00;15.07;19.86;19.47;14.76
2018;01;09;00;00;7.77;70.00;1013.00;0.00;0.00;19.00;21.00;19.00;3.00;0.00;0.00;6.12;13.68;61.63;17.64;-0.10;90.00;1033.10;0.00;0.00;100.00;0.00;0.00;100.00;0.00;0.00;6.16;6.99;3.32;3.60;7.18;94.00;1003.40;1.70;0.00;100.00;100.00;100.00;100.00;0.00;0.00;10.74;13.76;22.03;19.08
2018;01;09;01;00;7.00;74.00;1012.60;0.00;0.00;47.00;71.00;39.00;47.00;0.00;0.00;3.96;9.78;55.64;22.32;-0.03;89.00;1032.90;0.00;0.00;100.00;0.00;0.00;100.00;0.00;0.00;4.68;5.59;3.10;2.52;7.30;94.00;1003.10;1.30;0.00;100.00;100.00;100.00;100.00;0.00;0.00;9.18;11.46;36.90;25.20
2018;01;09;02;00;5.98;79.00;1013.50;0.00;0.00;100.00;100.00;100.00;48.00;0.00;0.00;4.21;6.19;37.25;9.36;0.30;88.00;1033.00;0.00;0.00;100.00;0.00;0.00;100.00;0.00;0.00;2.19;2.97;4.58;2.52;7.52;93.00;1004.00;1.20;0.00;100.00;100.00;100.00;100.00;0.00;0.00;7.79;9.53;49.08;8.28
2018;01;09;03;00;3.97;93.00;1013.10;0.00;0.00;100.00;100.00;100.00;51.00;0.00;0.00;6.11;9.45;33.46;8.28;-0.11;90.00;1032.20;0.00;0.00;100.00;0.00;34.00;100.00;0.00;0.00;1.94;1.61;5.40;4.68;7.93;94.00;1004.00;1.70;0.00;100.00;100.00;100.00;100.00;0.00;0.00;1.44;9.47;51.84;16.92
2018;01;09;04;00;3.67;96.00;1013.40;0.00;0.00;100.00;100.00;100.00;100.00;0.00;0.00;10.66;14.49;28.04;9.72;-0.72;90.00;1031.90;0.00;0.00;100.00;0.00;0.00;100.00;0.00;0.00;4.68;3.98;6.38;7.56;7.65;96.00;1003.40;0.10;0.00;100.00;100.00;100.00;100.00;0.00;0.00;2.55;6.79;39.61;15.12
2018;01;09;05;00;4.16;94.00;1015.20;0.00;0.00;100.00;100.00;100.00;100.00;0.00;0.00;0.80;2.55;22.07;5.76;-1.03;87.00;1031.50;0.00;0.00;100.00;0.00;0.00;100.00;0.00;0.00;5.09;4.69;6.16;8.64;7.56;96.00;1004.70;0.00;0.00;100.00;100.00;100.00;100.00;0.00;0.00;4.80;10.14;36.22;16.56
2018;01;09;06;00;4.07;95.00;1015.00;0.00;0.00;100.00;62.00;100.00;100.00;0.00;0.00;7.24;12.57;12.29;8.64;-1.29;88.00;1031.30;0.00;0.00;100.00;0.00;0.00;100.00;0.00;0.00;5.62;5.09;6.12;10.08;7.55;93.00;1005.30;0.00;0.00;100.00;39.00;100.00;5.00;0.00;0.00;8.31;15.94;30.74;16.56
2018;01;09;07;00;4.72;91.00;1013.80;0.00;0.00;100.00;100.00;100.00;1.00;0.00;0.00;10.00;17.08;15.54;25.20;-1.58;91.00;1031.00;0.00;0.00;98.00;0.00;0.00;98.00;0.00;0.00;7.10;7.09;6.84;11.88;7.40;94.00;1005.70;0.00;0.00;100.00;100.00;100.00;100.00;0.00;0.00;9.83;16.62;21.92;16.20
2018;01;09;08;00;4.94;90.00;1013.40;0.00;0.00;100.00;100.00;100.00;100.00;0.00;0.00;10.50;23.17;10.24;10.44;-1.73;90.00;1030.30;0.00;0.00;100.00;0.00;0.00;100.00;0.00;0.00;7.29;6.79;7.24;12.60;6.85;97.00;1005.60;0.00;0.00;100.00;100.00;100.00;100.00;0.00;0.00;7.24;12.29;21.67;14.76
2018;01;09;09;00;5.16;89.00;1014.60;0.00;0.00;100.00;100.00;100.00;7.00;0.00;21.36;7.90;14.26;7.70;7.56;-1.50;87.00;1031.20;0.00;0.00;33.00;0.00;0.00;33.00;38.94;23.14;5.00;4.35;5.86;8.64;6.89;96.00;1006.60;0.00;0.00;100.00;14.00;100.00;100.00;0.00;12.46;5.19;8.70;18.49;11.88
2018;01;09;10;00;6.13;89.00;1013.90;0.00;0.00;100.00;16.00;100.00;0.00;0.00;133.50;8.83;17.40;8.67;5.76;-0.27;79.00;1030.50;0.00;0.00;13.00;0.00;0.00;13.00;51.70;144.18;4.20;3.71;3.98;6.12;7.30;95.00;1006.70;0.00;0.00;100.00;17.00;100.00;100.00;0.00;91.67;3.10;3.56;16.77;10.44
2018;01;09;11;00;8.26;80.00;1013.40;0.00;0.00;100.00;27.00;100.00;0.00;0.00;238.52;13.21;16.06;10.18;9.00;1.44;70.00;1030.60;0.00;0.00;2.00;0.00;0.00;2.00;58.72;252.76;2.62;2.28;0.80;3.96;7.84;93.00;1006.30;0.00;0.00;100.00;100.00;100.00;100.00;0.00;186.01;1.84;2.88;18.08;7.20
2018;01;09;12;00;9.47;75.00;1014.00;0.00;0.00;100.00;25.00;100.00;100.00;0.00;287.47;8.67;9.42;7.15;22.32;2.59;66.00;1030.10;0.00;0.00;0.00;0.00;0.00;0.00;60.00;324.85;1.80;1.44;1.94;2.52;8.25;92.00;1005.80;0.00;0.00;100.00;100.00;100.00;100.00;0.00;214.49;4.02;4.38;20.27;12.60
2018;01;09;13;00;9.82;68.00;1011.30;0.00;0.00;100.00;63.00;100.00;0.00;0.00;269.67;11.84;13.24;6.12;10.44;1.33;75.00;1027.80;0.00;0.00;0.00;0.00;0.00;0.00;60.00;354.22;1.30;1.80;8.56;2.52;10.82;81.00;1003.20;0.00;0.00;100.00;100.00;100.00;100.00;0.00;140.62;7.73;11.89;16.04;19.80
2018;01;09;14;00;11.19;63.00;1010.90;0.00;0.00;100.00;6.00;100.00;0.00;0.00;275.01;11.50;12.30;12.60;23.40;1.97;73.00;1027.60;0.00;0.00;0.00;0.00;0.00;0.00;60.00;337.31;3.24;2.90;8.40;4.68;11.35;81.00;1002.60;0.00;0.00;100.00;100.00;100.00;100.00;0.00;158.42;6.95;9.51;16.86;10.80
2018;01;09;15;00;11.99;63.00;1011.10;0.00;0.00;25.00;16.00;25.00;0.00;44.04;269.67;8.47;9.96;16.92;9.00;2.49;71.00;1027.10;0.00;0.00;0.00;0.00;0.00;0.00;60.00;275.01;4.45;3.62;9.83;6.12;12.18;76.00;1002.20;0.00;0.00;100.00;100.00;100.00;1.00;0.00;210.93;6.12;6.85;9.42;11.16
2018;01;09;16;00;11.25;66.00;1011.70;0.00;0.00;100.00;100.00;100.00;100.00;0.00;161.98;6.38;8.76;29.83;16.92;2.60;72.00;1026.40;0.00;0.00;3.00;10.00;0.00;0.00;58.09;176.22;5.01;4.21;10.50;6.84;11.66;76.00;1001.70;0.10;0.00;100.00;100.00;100.00;3.00;0.00;137.06;6.64;11.18;6.99;7.20
2018;01;09;17;00;11.26;64.00;1012.40;0.00;0.00;100.00;100.00;100.00;0.00;0.00;33.82;5.69;10.14;24.48;16.92;2.13;71.00;1026.30;0.00;0.00;4.50;15.00;0.00;0.00;50.48;56.07;5.86;9.53;9.78;7.20;11.33;74.00;1002.20;0.00;0.00;100.00;100.00;100.00;17.00;0.00;41.83;6.83;10.82;13.98;18.00
2018;01;09;18;00;11.20;64.00;1013.00;0.00;0.00;100.00;77.00;100.00;12.00;0.00;0.00;5.01;7.17;28.15;17.64;0.95;75.00;1025.90;0.00;0.00;6.60;22.00;0.00;0.00;0.00;0.00;7.24;13.66;11.01;14.76;11.02;77.00;1002.60;0.10;0.00;6.00;0.00;0.00;6.00;0.00;0.00;2.97;8.35;22.38;15.84
2018;01;09;19;00;10.09;62.00;1013.90;0.00;0.00;100.00;70.00;100.00;100.00;0.00;0.00;5.35;6.19;30.17;22.32;-0.69;85.00;1025.10;0.00;0.00;13.00;36.00;13.00;0.00;0.00;0.00;10.69;14.58;14.06;19.08;10.55;78.00;1002.20;0.00;0.00;10.00;18.00;10.00;0.00;0.00;0.00;5.62;12.92;20.19;16.92
2018;01;09;20;00;8.81;62.00;1014.60;0.00;0.00;100.00;79.00;100.00;100.00;0.00;0.00;9.34;15.02;38.18;28.44;-1.18;84.00;1024.70;0.00;0.00;100.00;100.00;100.00;0.00;0.00;0.00;9.83;14.58;14.04;20.88;7.43;88.00;1002.00;0.00;0.00;2.00;0.00;2.00;0.00;0.00;0.00;9.45;17.58;23.66;18.36
2018;01;09;21;00;8.81;61.00;1015.10;0.00;0.00;100.00;13.00;100.00;100.00;0.00;0.00;6.49;7.90;30.74;20.52;-1.00;81.00;1024.00;0.00;0.00;100.00;100.00;100.00;1.00;0.00;0.00;7.42;11.12;14.40;19.80;6.92;87.00;1002.40;0.00;0.00;0.00;0.00;0.00;0.00;0.00;0.00;9.11;15.51;23.57;18.36
2018;01;09;22;00;9.09;58.00;1015.20;0.00;0.00;100.00;7.00;100.00;100.00;0.00;0.00;3.60;6.19;40.77;17.64;-1.07;79.00;1023.40;0.00;0.00;48.00;29.00;0.00;48.00;0.00;0.00;7.70;8.89;16.20;16.92;6.97;87.00;1002.10;0.00;0.00;25.00;0.00;25.00;0.00;0.00;0.00;9.42;11.17;22.60;15.48
2018;01;09;23;00;8.69;56.00;1015.00;0.00;0.00;100.00;0.00;100.00;100.00;0.00;0.00;9.16;15.99;49.13;20.88;-0.83;74.00;1021.50;0.00;0.00;74.00;4.00;3.00;74.00;0.00;0.00;6.92;6.92;22.42;14.04;5.92;93.00;1001.50;0.00;0.00;42.00;0.00;42.00;0.00;0.00;0.00;10.18;13.04;20.63;15.12
2018;01;10;00;00;8.05;57.00;1015.30;0.00;0.00;100.00;0.00;100.00;100.00;0.00;0.00;17.94;26.65;51.87;25.20;-0.20;72.00;1020.40;0.00;0.00;100.00;100.00;100.00;100.00;0.00;0.00;7.20;7.07;20.83;10.08;7.01;88.00;1000.70;0.00;0.00;17.00;0.00;4.00;17.00;0.00;0.00;10.31;17.45;32.95;18.72
2018;01;10;01;00;7.52;61.00;1015.50;0.00;0.00;100.00;0.00;56.00;100.00;0.00;0.00;16.55;24.80;54.90;24.12;0.55;75.00;1019.30;0.00;0.00;100.00;100.00;49.00;100.00;0.00;0.00;7.41;5.82;20.66;8.28;8.29;82.00;1000.30;0.00;0.00;100.00;0.00;0.00;100.00;0.00;0.00;9.79;16.33;44.71;23.40
2018;01;10;02;00;7.12;64.00;1015.60;0.00;0.00;100.00;0.00;100.00;100.00;0.00;0.00;8.85;14.19;49.47;18.00;0.97;76.00;1018.00;0.00;0.00;100.00;14.00;93.00;100.00;0.00;0.00;8.22;10.37;23.01;12.24;8.23;82.00;1000.20;0.00;0.00;0.00;0.00;0.00;0.00;0.00;0.00;10.45;18.86;67.54;32.40
2018;01;10;03;00;7.48;61.00;1014.60;0.00;0.00;100.00;0.00;81.00;100.00;0.00;0.00;6.84;11.30;44.59;23.76;1.35;72.00;1015.90;0.00;0.00;100.00;0.00;100.00;100.00;0.00;0.00;8.05;10.50;28.29;13.32;7.65;83.00;999.70;0.00;0.00;15.00;0.00;1.00;15.00;0.00;0.00;14.80;23.28;71.66;31.68
2018;01;10;04;00;7.51;58.00;1014.50;0.00;0.00;100.00;25.00;97.00;100.00;0.00;0.00;6.83;11.28;35.18;14.40;1.53;76.00;1015.00;0.10;0.00;100.00;37.00;100.00;100.00;0.00;0.00;8.89;9.93;28.73;12.24;7.86;77.00;999.10;0.00;0.00;100.00;2.00;100.00;0.00;0.00;0.00;13.32;21.38;71.20;32.76
2018;01;10;05;00;6.80;60.00;1015.00;0.00;0.00;52.00;36.00;52.00;36.00;0.00;0.00;9.66;14.80;45.43;11.88;1.68;83.00;1013.40;0.40;0.00;100.00;60.00;100.00;100.00;0.00;0.00;12.10;13.76;29.47;15.48;8.49;82.00;999.50;0.40;0.00;100.00;100.00;100.00;100.00;0.00;0.00;16.18;26.61;61.82;34.20
2018;01;10;06;00;5.18;66.00;1014.80;0.00;0.00;100.00;98.00;100.00;0.00;0.00;0.00;11.09;17.02;42.53;23.04;1.87;84.00;1011.90;0.30;0.00;100.00;32.00;100.00;100.00;0.00;0.00;10.04;16.17;28.48;16.20;8.64;72.00;999.60;1.10;0.00;100.00;100.00;100.00;4.00;0.00;0.00;22.98;32.86;78.50;36.36
2018;01;10;07;00;4.95;67.00;1015.00;0.00;0.00;98.00;73.00;98.00;0.00;0.00;0.00;10.51;14.69;42.00;20.88;1.83;82.00;1011.40;0.60;0.00;100.00;58.00;100.00;100.00;0.00;0.00;12.76;19.81;29.41;23.04;8.36;78.00;1000.00;0.00;0.00;100.00;100.00;100.00;0.00;0.00;0.00;21.29;32.00;64.95;36.72
2018;01;10;08;00;4.24;74.00;1014.50;0.00;0.00;100.00;74.00;100.00;0.00;0.00;0.00;10.09;12.57;43.95;20.16;1.96;83.00;1010.00;0.60;0.00;100.00;44.00;100.00;100.00;0.00;0.00;11.38;16.60;35.07;19.80;7.51;81.00;1000.10;0.00;0.00;59.00;0.00;59.00;0.00;14.90;0.00;15.94;26.53;58.60;30.60
2018;01;10;09;00;4.57;72.00;1014.40;0.00;0.00;68.00;57.00;68.00;0.00;16.60;25.81;10.95;13.44;40.41;21.24;2.04;86.00;1010.10;0.80;0.00;100.00;100.00;100.00;100.00;0.00;5.34;9.93;10.88;47.54;14.76;7.05;85.00;1000.90;0.00;0.00;0.00;0.00;0.00;0.00;60.00;24.92;9.79;19.21;47.17;24.84
2018;01;10;10;00;6.98;57.00;1015.10;0.00;0.00;49.00;25.00;49.00;0.00;28.72;149.52;9.45;14.92;44.92;20.52;3.19;89.00;1009.80;0.80;0.00;100.00;89.00;100.00;100.00;0.00;33.82;11.54;13.40;53.84;19.80;8.10;84.00;1000.80;0.00;0.00;100.00;0.00;100.00;0.00;0.00;145.96;6.52;9.42;41.39;21.60
2018;01;10;11;00;8.89;48.00;1014.40;0.00;0.00;80.00;16.00;80.00;15.00;8.94;253.65;11.66;14.69;38.32;23.76;2.32;89.00;1010.10;0.80;0.49;100.00;72.00;100.00;100.00;0.00;41.83;21.49;27.24;35.97;24.48;9.21;77.00;1000.40;0.10;0.00;100.00;0.00;100.00;100.00;0.00;202.92;10.31;10.83;30.82;24.48
2018;01;10;12;00;10.26;50.00;1012.90;0.00;0.00;100.00;9.00;88.00;100.00;0.00;283.91;11.30;11.18;27.85;20.52;1.97;91.00;1009.80;0.90;0.56;100.00;72.00;100.00;100.00;0.00;64.97;22.35;27.02;34.25;23.76;9.87;71.00;999.50;0.10;0.00;100.00;0.00;100.00;100.00;0.00;169.99;11.11;13.85;24.65;26.28
2018;01;10;13;00;11.05;50.00;1011.80;0.00;0.00;100.00;100.00;100.00;25.00;0.00;273.23;10.03;9.89;30.59;19.80;1.78;91.00;1009.90;0.90;0.56;100.00;0.00;100.00;100.00;0.00;72.98;20.21;23.08;29.63;22.68;9.50;64.00;999.70;0.00;0.00;100.00;2.00;100.00;100.00;0.00;206.48;30.47;39.69;72.65;55.08
2018;01;10;14;00;8.58;62.00;1012.70;0.00;0.00;100.00;100.00;100.00;100.00;0.00;178.00;9.18;10.24;29.36;15.84;2.32;87.00;1010.00;1.00;0.42;100.00;0.00;74.00;100.00;0.00;126.38;28.93;30.85;25.15;28.80;9.26;66.00;998.80;0.00;0.00;100.00;0.00;100.00;100.00;0.00;127.27;28.39;35.77;60.93;39.60
2018;01;10;15;00;8.98;54.00;1012.40;0.00;0.00;100.00;56.00;100.00;100.00;0.00;99.68;12.73;15.53;42.24;24.12;2.59;87.00;1010.70;0.80;0.21;100.00;0.00;59.00;100.00;0.00;126.38;21.58;21.92;30.86;24.12;9.07;61.00;998.00;0.00;0.00;100.00;17.00;100.00;100.00;0.00;92.56;26.50;33.77;48.27;34.92
2018;01;10;16;00;7.52;67.00;1012.20;0.00;0.00;100.00;25.00;100.00;100.00;0.00;60.52;18.58;25.34;48.92;27.36;3.07;87.00;1011.70;0.40;0.00;100.00;0.00;94.00;100.00;0.00;97.01;13.18;13.32;30.40;19.80;8.22;70.00;997.40;0.40;0.00;100.00;0.00;100.00;100.00;0.00;51.62;15.82;20.66;32.40;24.12
2018;01;10;17;00;7.34;69.00;1011.90;0.00;0.00;100.00;29.00;81.00;100.00;0.00;26.70;16.42;23.40;43.64;27.00;2.88;92.00;1012.20;0.10;0.00;100.00;0.00;100.00;100.00;0.00;31.15;9.59;12.39;30.35;17.64;7.17;76.00;998.10;0.30;0.00;100.00;0.00;100.00;100.00;0.00;13.35;13.44;18.95;39.65;27.72
2018;01;10;18;00;7.06;70.00;1012.50;0.00;0.00;100.00;29.00;74.00;100.00;0.00;0.00;10.97;17.67;31.55;22.68;2.86;95.00;1012.80;0.10;0.00;100.00;0.00;75.00;100.00;0.00;0.00;12.41;17.10;29.20;16.20;6.75;75.00;995.30;0.50;0.00;100.00;0.00;100.00;100.00;0.00;0.00;16.92;21.75;66.70;40.68
2018;01;10;19;00;7.00;71.00;1012.30;0.00;0.00;100.00;26.00;86.00;100.00;0.00;0.00;8.12;14.58;22.88;15.12;1.70;99.00;1013.40;0.00;0.00;67.00;0.00;14.00;67.00;0.00;0.00;16.68;21.60;24.57;20.16;7.44;75.00;996.40;0.10;0.00;26.00;0.00;26.00;0.00;0.00;0.00;20.99;29.41;87.45;46.44
2018;01;10;20;00;7.10;70.00;1012.00;0.00;0.00;100.00;21.00;79.00;100.00;0.00;0.00;6.49;11.49;20.48;14.76;0.51;96.00;1014.50;0.00;0.00;0.00;0.00;0.00;0.00;0.00;0.00;16.30;27.61;19.41;18.72;9.57;72.00;996.50;1.10;0.00;87.00;3.00;87.00;34.00;0.00;0.00;33.63;45.32;79.58;52.92
2018;01;10;21;00;7.25;69.00;1012.30;0.00;0.00;63.00;20.00;63.00;58.00;0.00;0.00;5.82;9.57;20.72;9.36;0.18;98.00;1015.20;0.00;0.00;1.00;0.00;0.00;1.00;0.00;0.00;14.06;22.25;14.57;14.40;8.60;76.00;998.30;0.00;0.00;38.00;1.00;38.00;3.00;0.00;0.00;32.38;44.04;79.39;51.48
2018;01;10;22;00;7.10;69.00;1012.80;0.00;0.00;65.00;19.00;57.00;65.00;0.00;0.00;6.62;9.42;18.72;8.28;0.34;99.00;1016.20;0.00;0.00;6.00;0.00;0.00;6.00;0.00;0.00;10.14;18.29;12.10;13.68;8.04;78.00;999.40;0.00;0.00;100.00;100.00;100.00;80.00;0.00;0.00;25.76;35.28;69.39;45.72
2018;01;10;23;00;7.14;69.00;1012.70;0.00;0.00;100.00;18.00;68.00;100.00;0.00;0.00;7.29;8.67;19.16;11.16;0.90;100.00;1016.10;0.00;0.00;24.00;0.00;0.00;24.00;0.00;0.00;9.39;15.58;11.11;12.96;7.77;76.00;999.30;0.00;0.00;100.00;50.00;100.00;18.00;0.00;0.00;21.79;31.21;63.23;38.88
2018;01;11;00;00;7.08;70.00;1012.10;0.00;0.00;100.00;15.00;41.00;100.00;0.00;0.00;8.05;7.20;17.46;5.76;1.62;99.00;1016.30;0.00;0.00;100.00;0.00;0.00;100.00;0.00;0.00;9.83;16.62;9.79;11.52;7.65;77.00;998.70;0.00;0.00;100.00;100.00;100.00;84.00;0.00;0.00;19.13;27.42;58.05;33.84
2018;01;11;01;00;6.52;75.00;1012.00;0.00;0.00;100.00;8.00;8.00;100.00;0.00;0.00;7.90;6.88;14.80;3.60;1.69;98.00;1017.50;0.00;0.00;100.00;0.00;0.00;100.00;0.00;0.00;13.00;18.00;11.21;14.04;7.13;83.00;998.40;0.00;0.00;100.00;100.00;100.00;100.00;0.00;0.00;8.83;17.11;45.24;23.04
2018;01;11;02;00;5.93;83.00;1012.60;0.00;0.00;100.00;10.00;9.00;100.00;0.00;0.00;7.59;7.93;11.30;7.92;1.05;97.00;1017.60;0.00;0.00;100.00;0.00;0.00;100.00;0.00;0.00;13.98;18.16;15.48;17.64;6.90;88.00;998.50;0.00;0.00;100.00;88.00;100.00;100.00;0.00;0.00;5.86;10.70;35.38;19.44
2018;01;11;03;00;5.72;88.00;1012.70;0.00;0.00;100.00;16.00;12.00;100.00;0.00;0.00;6.88;7.52;3.56;9.72;0.31;100.00;1017.40;0.00;0.00;8.00;0.00;0.00;8.00;0.00;0.00;10.74;15.46;18.06;15.84;6.49;94.00;997.50;0.70;0.00;100.00;100.00;100.00;100.00;0.00;0.00;5.15;7.75;23.93;12.96
2018;01;11;04;00;5.64;91.00;1012.70;0.00;0.00;100.00;19.00;20.00;100.00;0.00;0.00;6.11;8.40;6.21;9.00;0.58;99.00;1018.30;0.00;0.00;87.00;0.00;0.00;87.00;0.00;0.00;7.90;13.28;15.16;11.52;6.34;93.00;995.70;1.70;0.00;100.00;35.00;100.00;100.00;0.00;0.00;3.96;7.42;14.80;8.28
2018;01;11;05;00;5.56;91.00;1012.40;0.00;0.00;100.00;20.00;22.00;100.00;0.00;0.00;5.62;7.52;11.50;9.00;0.76;97.00;1018.00;0.00;0.00;77.00;0.00;0.00;77.00;0.00;0.00;7.73;15.88;14.06;13.32;4.99;91.00;995.60;2.90;0.00;100.00;0.00;100.00;100.00;0.00;0.00;6.88;9.29;20.29;12.96
2018;01;11;06;00;5.56;90.00;1012.70;0.00;0.00;100.00;19.00;23.00;100.00;0.00;0.00;5.19;5.45;11.18;7.56;0.74;94.00;1018.40;0.00;0.00;100.00;0.00;0.00;100.00;0.00;0.00;8.94;16.10;16.26;21.60;5.02;95.00;995.50;2.70;0.00;100.00;0.00;100.00;100.00;0.00;0.00;5.69;7.70;14.65;10.44
2018;01;11;07;00;5.38;90.00;1013.30;0.00;0.00;50.00;16.00;21.00;50.00;0.00;0.00;4.20;1.61;8.16;4.32;0.01;91.00;1018.60;0.00;0.00;74.00;0.00;2.00;74.00;0.00;0.00;11.72;18.00;22.90;25.92;5.20;91.00;993.90;2.10;0.00;100.00;1.00;100.00;100.00;0.00;0.00;15.82;20.52;9.98;15.84
2018;01;11;08;00;4.89;91.00;1012.90;0.00;0.00;100.00;14.00;18.00;100.00;0.00;0.00;4.80;1.61;5.01;2.88;-1.30;82.00;1019.00;0.00;0.00;0.00;0.00;0.00;0.00;40.47;0.00;15.53;22.90;33.01;29.88;5.00;91.00;992.70;2.60;0.00;100.00;0.00;100.00;100.00;0.00;0.00;17.10;21.89;23.40;18.72
2018;01;11;09;00;4.98;89.00;1013.60;0.00;0.00;100.00;10.00;36.00;100.00;0.00;23.14;5.09;3.08;4.83;4.32;-0.69;84.00;1019.70;0.00;0.00;0.00;0.00;0.00;0.00;60.00;24.92;14.40;26.87;39.73;25.56;6.00;89.00;992.10;1.00;0.00;100.00;0.00;100.00;100.00;0.00;14.24;12.98;16.38;24.47;17.28
2018;01;11;10;00;5.99;85.00;1013.90;0.00;0.00;34.00;3.00;34.00;0.00;38.30;141.51;3.24;3.76;5.69;3.96;2.76;81.00;1018.50;0.00;0.00;99.00;0.00;99.00;0.00;0.00;145.07;17.31;22.70;43.66;32.76;6.07;88.00;993.30;0.40;0.00;100.00;0.00;100.00;100.00;0.00;40.05;11.54;14.11;35.65;33.12
2018;01;11;11;00;6.93;81.00;1014.20;0.00;0.00;15.00;0.00;15.00;0.00;50.43;255.43;2.52;1.84;4.69;2.52;4.25;76.00;1019.10;0.00;0.00;0.00;0.00;0.00;0.00;60.00;258.99;31.44;37.89;47.80;36.00;8.58;80.00;992.80;0.00;0.00;100.00;0.00;0.00;100.00;0.00;179.78;18.13;22.78;46.75;35.64
2018;01;11;12;00;7.87;76.00;1014.20;0.00;0.00;22.00;0.00;7.00;22.00;45.96;325.74;2.74;1.84;4.68;3.24;5.19;72.00;1018.20;0.00;0.00;100.00;0.00;65.00;100.00;0.00;325.74;37.83;42.83;52.40;41.04;8.18;76.00;993.10;0.10;0.00;10.00;0.00;0.00;10.00;53.62;129.05;26.12;33.39;46.60;39.60
2018;01;11;13;00;8.67;72.00;1013.60;0.00;0.00;2.00;0.00;0.00;2.00;58.72;353.33;5.76;5.04;6.37;4.68;5.30;65.00;1014.70;0.00;0.00;100.00;0.00;0.00;100.00;0.00;301.71;25.87;33.16;58.07;36.72;9.40;67.00;992.10;0.00;0.00;100.00;0.00;100.00;0.00;0.00;225.17;32.65;41.56;60.86;50.40
2018;01;11;14;00;9.34;69.00;1014.20;0.00;0.00;61.00;0.00;0.00;61.00;21.06;331.08;9.78;9.83;8.67;8.64;6.28;62.00;1014.10;0.00;0.00;100.00;0.00;0.00;100.00;0.00;261.66;29.50;36.74;65.76;38.16;9.48;66.00;992.30;0.20;0.00;100.00;0.00;100.00;3.00;0.00;303.49;35.23;44.46;65.52;53.28
2018;01;11;15;00;9.32;72.00;1014.50;0.00;0.00;100.00;0.00;0.00;100.00;0.00;238.52;12.37;13.44;11.18;11.52;6.13;65.00;1013.80;0.00;0.00;100.00;0.00;0.00;100.00;0.00;135.28;33.53;43.22;73.80;47.52;9.19;65.00;991.70;0.20;0.00;51.00;0.00;51.00;38.00;27.45;270.56;34.15;42.69;62.92;49.32
2018;01;11;16;00;9.12;71.00;1014.60;0.00;0.00;88.00;0.00;7.00;88.00;3.83;141.51;14.21;17.77;12.10;13.68;6.46;67.00;1012.80;0.00;0.00;100.00;0.00;0.00;100.00;0.00;99.68;32.21;41.38;84.22;47.52;8.92;65.00;992.00;0.20;0.00;100.00;0.00;100.00;9.00;0.00;175.33;34.30;43.32;64.67;50.04
2018;01;11;17;00;7.55;79.00;1015.00;0.00;0.00;23.00;0.00;10.00;23.00;41.91;57.85;14.26;23.11;14.77;18.00;6.41;73.00;1012.80;0.00;0.00;100.00;0.00;0.00;100.00;0.00;27.59;32.05;42.53;87.03;49.68;7.86;69.00;992.30;0.00;0.00;8.00;0.00;2.00;8.00;50.76;56.07;32.04;42.18;67.85;47.52
2018;01;11;18;00;7.27;79.00;1016.30;0.00;0.00;100.00;0.00;21.00;100.00;0.00;0.00;15.50;24.86;16.83;15.12;6.17;78.00;1013.90;0.10;0.00;100.00;0.00;0.00;100.00;0.00;0.00;39.44;50.69;91.10;57.96;7.21;74.00;992.70;0.10;0.00;13.00;0.00;0.00;13.00;0.00;0.00;30.92;41.38;70.36;46.80
2018;01;11;19;00;6.78;82.00;1016.50;0.00;0.00;100.00;0.00;22.00;100.00;0.00;0.00;17.29;25.92;18.50;16.92;5.74;81.00;1014.30;0.10;0.00;100.00;0.00;0.00;100.00;0.00;0.00;40.84;51.37;87.33;54.00;6.76;76.00;993.00;0.10;0.00;69.00;0.00;69.00;24.00;0.00;0.00;30.27;39.81;69.03;46.08
2018;01;11;20;00;6.02;85.00;1017.10;0.00;0.00;100.00;0.00;23.00;100.00;0.00;0.00;16.98;25.22;14.78;27.36;5.60;83.00;1015.40;0.10;0.00;100.00;0.00;0.00;100.00;0.00;0.00;38.30;48.07;73.15;56.88;6.66;76.00;993.50;0.20;0.00;90.00;0.00;50.00;90.00;0.00;0.00;31.24;40.91;70.62;46.08
2018;01;11;21;00;5.38;87.00;1018.30;0.00;0.00;90.00;0.00;20.00;90.00;0.00;0.00;14.69;22.42;12.41;24.48;5.55;85.00;1016.30;0.00;0.00;72.00;0.00;0.00;72.00;0.00;0.00;35.86;44.88;68.73;44.28;6.29;77.00;994.80;0.10;0.00;62.00;0.00;15.00;62.00;0.00;0.00;34.09;44.87;75.83;47.88
2018;01;11;22;00;4.69;91.00;1018.60;0.00;0.00;56.00;0.00;27.00;56.00;0.00;0.00;10.39;19.16;6.95;22.32;5.40;87.00;1017.50;0.00;0.00;40.00;0.00;0.00;40.00;0.00;0.00;31.49;39.76;66.53;41.40;5.57;80.00;995.40;0.00;0.00;0.00;0.00;0.00;0.00;0.00;0.00;31.65;42.69;77.39;49.32
2018;01;11;23;00;4.41;92.00;1019.20;0.20;0.00;100.00;0.00;32.00;100.00;0.00;0.00;8.09;15.27;12.10;12.24;4.73;90.00;1018.30;0.00;0.00;60.00;0.00;60.00;0.00;0.00;0.00;28.16;36.93;57.55;39.60;5.26;77.00;995.90;0.00;0.00;100.00;100.00;100.00;0.00;0.00;0.00;30.12;40.65;77.32;45.72
